,mape,r2,mape_train,r2_train
linear_regression,1.413980316439744,0.08760408895629057,1.3683680850814532,0.1603749962194475
random_forest,0.7904232610223271,0.5227081908839946,0.7136570614193029,0.694830149365355
xgboost,0.6729716188936599,0.5865866143026327,0.48473566446751176,0.9440204200178586
catboost,0.5592090550204725,0.7398940908096779,0.5726115213112067,0.7958770610672945
